<?xml version="1.0" encoding="ISO-8859-1" ?>
<!DOCTYPE tiles-definitions PUBLIC "-//Apache Software Foundation//DTD Tiles Configuration 3.0//EN" "http://tiles.apache.org/dtds/tiles-config_3_0.dtd">

<tiles-definitions>

	<definition name=".login" template="/WEB-INF/views/login/login.jsp" />
	
	<definition name=".mainLayout" template="/WEB-INF/views/layouts/mainLayout.jsp">
		<put-attribute name="header" value="/WEB-INF/views/tiles/header.jsp"/>
		<put-attribute name="navbar" value=".navbar"/>
		<put-attribute name="menu" value="/WEB-INF/views/tiles/menu.jsp"/>
		<put-attribute name="footer" value="/WEB-INF/views/tiles/footer.jsp"/>
	</definition>
	<definition name=".mainLayout2" template="/WEB-INF/views/layouts/mainLayout2.jsp">
		<put-attribute name="header" value="/WEB-INF/views/tiles/header.jsp"/>
		<put-attribute name="navbar" value=".navbar"/>
		<put-attribute name="menu" value="/WEB-INF/views/tiles/menu.jsp"/>
		<put-attribute name="footer" value="/WEB-INF/views/tiles/footer.jsp"/>
	</definition>
	<definition name=".navbar" template="/WEB-INF/views/tiles/navbar.jsp">
		<put-attribute name="menu" value="/WEB-INF/views/tiles/menu.jsp"/>
	</definition>

	<definition name=".members" extends=".mainLayout2">
		<put-attribute name="title" value="home.title"/>
		<put-attribute name="body" value="/WEB-INF/views/member/members.jsp"/>
	</definition>
	
	<definition name=".home" extends=".mainLayout">
		<put-attribute name="title" value="home.title"/>
		<put-attribute name="navbar" value=".homeNavbar"/>
		<put-attribute name="body" value="/WEB-INF/views/home/home.jsp"/>
	</definition>
	<definition name=".homeNavbar" template="/WEB-INF/views/home/navbar.jsp">
		<put-attribute name="menu" value="/WEB-INF/views/tiles/menu.jsp"/>
	</definition>

	<definition name=".employeeIndex" extends=".mainLayout">
		<put-attribute name="title" value="employee.title.employees"/>
		<put-attribute name="body" value="/WEB-INF/views/employee/index.jsp"/>
	</definition>

	<definition name=".employeeShow" extends=".mainLayout">
		<put-attribute name="title" value="employee.displayName"/>
		<put-attribute name="body" value="/WEB-INF/views/employee/show.jsp"/>
	</definition>
	
	<definition name=".employeeEdit" extends=".mainLayout">
		<put-attribute name="title" value="employee.title"/>
		<put-attribute name="body" value=".employeeEditTile"/>
	</definition>
	<definition name=".employeeEditTile" template="/WEB-INF/views/employee/edit.jsp">
		<put-attribute name="form" value="/WEB-INF/views/employee/form.jsp"/>
	</definition>
	
	<definition name=".employeeNew" extends=".mainLayout">
		<put-attribute name="title" value="employee.title.create"/>
		<put-attribute name="body" value=".employeeNewTile"/>
	</definition>
	<definition name=".employeeNewTile" template="/WEB-INF/views/employee/new.jsp">
		<put-attribute name="form" value="/WEB-INF/views/employee/form.jsp"/>
	</definition>

	<definition name=".employeeAwards" extends=".mainLayout">
		<put-attribute name="title" value="employeeAwards.title"/>
		<put-attribute name="body" value="/WEB-INF/views/employee/awards/employeeAwards.jsp"/>
	</definition>

	<definition name=".error" extends=".mainLayout">
		<put-attribute name="title" value="error.title"/>
		<put-attribute name="body" value="/WEB-INF/views/error/error.jsp"/>
	</definition>
	
	<definition name=".notFound" extends=".mainLayout">
		<put-attribute name="title" value="notFound.title"/>
		<put-attribute name="body" value="/WEB-INF/views/error/404.jsp"/>
	</definition>
	
	<definition name=".unauthorized" extends=".mainLayout">
		<put-attribute name="title" value="unauthorized.title"/>
		<put-attribute name="body" value="/WEB-INF/views/error/403.jsp"/>
	</definition>

</tiles-definitions>
