{
	"apiVersion": "v1",
	"kind": "Service",
	"metadata": {
		"labels": {
			"k8s-app": "{{ .Values.REPO_NAME }}-{{ .Values.ENV }}"
		},
		"name": "{{ .Values.REPO_NAME }}-{{ .Values.ENV }}",
		"annotations": {
			"service.beta.kubernetes.io/azure-load-balancer-internal": "true"
		}
	},
	"spec": {
		"ports": [{
			"name": "{{ .Values.PORT }}-tcp",
			"port": {{ int .Values.PORT }},
			"protocol": "TCP",
			"targetPort": {{ int .Values.TARTGET_PORT }}
		}],
		"selector": {
			"k8s-app": "{{ .Values.REPO_NAME }}-{{ .Values.ENV }}"
		},
		"sessionAffinity": "None",
		"type": "LoadBalancer"
	
	}
	
}