{
"apiVersion": "networking.istio.io/v1beta1",
  // "apiVersion": "v1",
   "kind": "VirtualService",
   "metadata": {
       
       "name": "{{ .Values.APPLICATION_NAMESPACE}}",
       "namespace": "{{ .Values.APPLICATION_NAMESPACE}}"

   },
   "spec": {
       "gateways": [
           "{{ .Values.GATEWAY_NAME}}"
       ],
       "hosts": [
           "{{ .Values.HOSTS}}"
       ],
       "http": [
           {
               "match": [
                   {
                       "uri": {
                           "prefix": "{{ .Values.PREFIX}}"
                       }
                   }
               ],
               "route": [
                   {
                       "destination": {
                           "host": "{{ .Values.APPLICATION_NAMESPACE}}",
                           "port": {
                               "number": 80
                           }
                       }
                   }
               ]
           }
       ]
   }
}