<?xml version="1.0" encoding="UTF-8"?>

<configuration>

	<springProperty name="springProfilesActive" source="spring.profiles.active" />
	<springProperty name="springProfilesInclude" source="spring.profiles.include" />
	<springProperty name="environmentName" source="spring.profiles.active" />
	<springProperty name="springApplicationName" source="spring.application.name" />
	<springProperty name="springConfigLocation" source="spring.config.location" />
	<springProperty name="aefwApplicationVersion" source="spring.application.version" />
	<springProperty name="loggingPath" source="logging.path" />
	<springProperty name="loggingFile" source="logging.file" />

	<include resource="org/springframework/boot/logging/logback/defaults.xml" />

	<property name="LOG_FILE" value="${loggingPath}/${loggingFile}"/>
	<property name="FILE_LOG_PATTERN" value="logDate=&quot;%d{yyyy-MM-dd HH:mm:ss.SSS}&quot;, configId=&quot;${springApplicationName}&quot;, environment=&quot;${springProfilesActive}&quot;, profiles=&quot;${springProfilesActive}, ${springProfilesInclude}&quot;, logHost=&quot;${environmentName}:${HOSTNAME}&quot;, thread=&quot;%t&quot;, priority=&quot;%p&quot;, namespace=&quot;%c&quot;, class=&quot;%C&quot;, method=&quot;%M&quot;, sourceFile=&quot;%F&quot;, lineNum=&quot;%L&quot;, logMsg=&quot;%m&quot; %n" />

	<include resource="org/springframework/boot/logging/logback/file-appender.xml" />

	<springProfile name="local">
		<include resource="org/springframework/boot/logging/logback/console-appender.xml" />
		<root level="INFO">
			<appender-ref ref="CONSOLE" />
			<appender-ref ref="FILE" />
		</root>
	</springProfile>

	<springProfile name="default">
		<root level="INFO">
			<appender-ref ref="FILE" />
		</root>
	</springProfile>

	<springProfile name="dev">
		<root level="INFO">
			<appender-ref ref="FILE" />
		</root>
	</springProfile>

	<springProfile name="qa">
		<root level="ERROR">
			<appender-ref ref="FILE" />
		</root>
	</springProfile>

	<springProfile name="stress">
		<root level="ERROR">
			<appender-ref ref="FILE" />
		</root>
	</springProfile>

	<springProfile name="prod">
		<root level="ERROR">
			<appender-ref ref="FILE" />
		</root>
	</springProfile>

	<logger name="org.eclipse.jetty" level="WARN"/>

</configuration>
