{
	"apiVersion": "template.openshift.io/v1",
	"kind": "Template",
	"metadata": {
		"name": "${APP_NAME}"
	},
	"objects": [
		{
			"apiVersion": "v1",
			"kind": "DeploymentConfig",
			"metadata": {
				"labels": {
					"app": "${APP_NAME}"
				},
				"name": "${APP_NAME}"
			},
			"spec": {
				"replicas": "${{PODS}}",
				"revisionHistoryLimit": 10,
				"selector": {
					"app": "${APP_NAME}",
					"deploymentconfig": "${APP_NAME}"
				},
				"strategy": {
					"activeDeadlineSeconds": 21600,
					"resources": {
						
					},
					"rollingParams": {
						"intervalSeconds": 1,
						"maxSurge": "0%",
						"maxUnavailable": "75%",
						"timeoutSeconds": 1000,
						"updatePeriodSeconds": 1
					},
					"type": "Rolling"
				},
				"template": {
					"metadata": {
						"labels": {
							"app": "${APP_NAME}",
							"deploymentconfig": "${APP_NAME}"
						}
					},
					"spec": {
						"containers": [
							{
								"env": [
									{
										"name": "ENV_VAR_IN_RUNNING_CONTAINER",
										"value": "${ENV_VAR}"
									},
									{
										"name": "JAVA_TOOL_OPTIONS",
										"value": "-Dspring.config.location=/etc/config/${APP_NAME}/data/application.properties -Dlogging.config=/etc/config/${APP_NAME}/data/logback.xml"
									},
									{
										"name": "ENV_VAR_FROM_SECRET_TEXT",
										"valueFrom": {
											"secretKeyRef": {
												"key": "SECRET_TEXT",
												"name": "${APP_NAME}"
											}
										}
									},
									{
										"name": "SITE_URL",
										"value": "https://${SITE_URL}"
									}
								],
								"imagePullPolicy": "IfNotPresent",
								"image": "",
								"name": "${APP_NAME}",
								"ports": [
									{
										"containerPort": "${{PORT}}",
										"protocol": "TCP"
									}
								],
								"resources": {
									"requests": {
										"cpu": "${CPU_REQUEST}",
										"memory": "${MEM_REQUEST}"
									},
									"limits": {
										"cpu": "${CPU_LIMIT}",
										"memory": "${MEM_LIMIT}"
									}
								},
								"terminationMessagePath": "/${ENV}/termination-log",
								"terminationMessagePolicy": "File",
								"volumeMounts": [
									{
										"mountPath": "/var/www/html",
										"name": "var-www-html-vol"
									},
									{
										"mountPath": "/etc/config/${APP_NAME}/data/",
										"name": "configmap-vol"
									}
								]
							}
						],
						"dnsPolicy": "ClusterFirst",
						"restartPolicy": "Always",
						"schedulerName": "default-scheduler",
						"securityContext": {
							
						},
						"terminationGracePeriodSeconds": 30,
						"volumes": [
							{
								"name": "var-www-html-vol",
								"emptyDir": {
									
								}
							},
							{
								"name": "configmap-vol",
								"configMap": {
									"name": "${APP_NAME}",
									"items": [
										{
											"key": "application.${ENV}.properties",
											"path": "application.properties"
										},
										{
											"key": "logback.${ENV}.xml",
											"path": "logback.xml"
										}
									]
								}
							}
						]
					}
				},
				"test": false,
				"triggers": [
					{
						"imageChangeParams": {
							"automatic": false,
							"containerNames": [
								"${APP_NAME}"
							],
							"from": {
								"kind": "ImageStreamTag",
								"name": "${APP_NAME}:${ENV}",
								"namespace": "${PROJECT_NAME}"
							}
						},
						"type": "ImageChange"
					}
				]
			}
		},
		{
			"apiVersion": "v1",
			"kind": "Secret",
			"metadata": {
				"name": "${APP_NAME}",
				"labels": {
					"app": "${APP_NAME}"
				}
			},
			"data": {
				"SECRET_TEXT": "${BASE_64_ENCODED_SECRET_TEXT}"
			}
		},
		{
			"apiVersion": "v1",
			"kind": "Route",
			"metadata": {
				"labels": {
					"app": "${APP_NAME}"
				},
				"name": "${APP_NAME}"
			},
			"spec": {
				"host": "${SITE_URL}",
				"path": "${CONTEXT_ROOT}",
				"port": {
					"targetPort": "${PORT}-tcp"
				},
				"tls": {
					"termination": "edge"
				},
				"to": {
					"kind": "Service",
					"name": "${APP_NAME}",
					"weight": 100
				},
				"wildcardPolicy": "None"
			}
		},
		{
			"apiVersion": "v1",
			"kind": "Service",
			"metadata": {
				"labels": {
					"app": "${APP_NAME}"
				},
				"name": "${APP_NAME}"
			},
			"spec": {
				"ports": [
					{
						"name": "${PORT}-tcp",
						"port": "${{PORT}}",
						"protocol": "TCP",
						"targetPort": "${{PORT}}"
					}
				],
				"selector": {
					"app": "${APP_NAME}",
					"deploymentconfig": "${APP_NAME}"
				},
				"sessionAffinity": "None",
				"type": "ClusterIP"
			}
		}
	],
	"parameters": [
		{
			"name": "ENV",
			"description": "environment",
			"value": ""
		},
		{
			"name": "APP_NAME",
			"description": "Name of application",
			"value": ""
		},
		{
			"name": "PROJECT_NAME",
			"description": "Name of project",
			"value": ""
		},
		{
			"name": "SITE_URL",
			"value": ""
		},
		{
			"name": "CONTEXT_ROOT",
			"value": ""
		},
		{
			"name": "PORT",
			"description": "Port exposed by frontend",
			"value": "8080"
		},
		{
			"name": "PODS",
			"description": "Number of pods",
			"value": ""
		},
		{
			"name": "CPU_REQUEST",
			"description": "Requested CPU per WP pod",
			"value": ""
		},
		{
			"name": "MEM_REQUEST",
			"description": "Requested memory per WP pod",
			"value": ""
		},
		{
			"name": "CPU_LIMIT",
			"description": "CPU limit per WP pod",
			"value": ""
		},
		{
			"name": "MEM_LIMIT",
			"description": "Memory limit per WP pod",
			"value": ""
		},
		{
			"name": "ENV_VAR",
			"description": "Environement variable available in running container",
			"value": ""
		},
		{
			"name": "BASE_64_ENCODED_SECRET_TEXT",
			"description": "Base64 encoded DB password",
			"value": ""
		}
	]
}