{
  "apiVersion": "v1",
    "kind": "Deployment",
    "metadata": {
        "annotations": null,       
        "creationTimestamp": null,
        "labels": {
            "k8s-app": "{{ .Values.REPO_NAME }}-{{ .Values.ENV }}"
        },
        "name": "{{ .Values.REPO_NAME }}-{{ .Values.ENV }}"
    },
    "spec": {
        "progressDeadlineSeconds": 600,
        "replicas": {{ int .Values.PODS }},
        "revisionHistoryLimit": 10,
        "selector": {
            "matchLabels": {
                "k8s-app": "{{ .Values.REPO_NAME }}-{{ .Values.ENV }}"
            }
        },     
        "strategy": {
          "type": "RollingUpdate",
          "rollingUpdate": {
            "maxSurge": "0%",
            "maxUnavailable": "25%",
          }
        },
        "template": {
            "metadata": {
                "annotations": {            
                    "sidecar.istio.io/proxyCPU": "100m",
                    "sidecar.istio.io/proxyMemory": "128Mi",
                    "sidecar.istio.io/proxyCPULimit": "250m",
                    "sidecar.istio.io/proxyMemoryLimit": "256Mi"
                },
                "creationTimestamp": null,
                "labels": {
                    "k8s-app": "{{ .Values.REPO_NAME }}-{{ .Values.ENV }}"
                }
            },
            "spec": {
                "initContainers": [{
                    "name": "appdynamics-java-agent",
                    "command": [
                       "cp",
                       "-r",
                       "/opt/appdynamics/.",
                       "/opt/appdynamics-java"
                    ],
                    "image": "{{ .Values.APPDYNAMICS_AGENT_IMAGE }}",
                    "imagePullPolicy": "Always",
                    "resources": {
                        "requests": {
                            "cpu": "100m",
                            "memory": "50M"
                        },
                        "limits": {
                            "cpu": "200m",
                            "memory": "75M"
                        }
                  },
                    "volumeMounts": [
                       {
                          "mountPath": "/opt/appdynamics-java",
                          "name": "appd-agent-repo"
                       }
                    ]
                  }],
                 
                "containers": [{
                    "imagePullPolicy": "Always",
                    "image": "registryhub.aetna.com/{{ .Values.REPO_NAME }}:{{ .Values.ENV }}",
                    "name": "{{ .Values.REPO_NAME }}-{{ .Values.ENV }}",
                    "ports": [{
                        "containerPort": {{ int .Values.PORT }},
                        "protocol": "TCP"
                    }],
                    "resources": {
                        "requests": {
                            "cpu": "{{ .Values.CPU_REQUEST }}",
                            "memory": "{{ .Values.MEM_REQUEST }}"
                        },
                        "limits": {
                            "cpu": "{{ .Values.CPU_LIMIT }}",
                            "memory": "{{ .Values.MEM_LIMIT }}"
                        }
                    },
                    "terminationMessagePath": "/dev/termination-log",
                    "terminationMessagePolicy": "File",
                    "volumeMounts": [
                        {
                            "mountPath": "/opt/appdynamics-java",
                            "name": "appd-agent-repo"
                        },
                        {
                            "mountPath": "/var/www/html",
                            "name": "var-www-html-vol"
                        },
                        {
                            "mountPath": "/etc/config/{{ .Values.REPO_NAME }}/data/",
                            "name": "configmap-vol"
                        }
                    ],
                    "env": [
                        {
                           "name": "APPDYNAMICS_CONTROLLER_HOST_NAME",
                           "value": "{{ .Values.APPDYNAMICS_CONTROLLER_HOST_NAME }}"
                        },
                        {
                           "name": "APPDYNAMICS_CONTROLLER_PORT",
                           "value": "443"
                        },
                        {
                           "name": "APPDYNAMICS_CONTROLLER_SSL_ENABLED",
                           "value": "true"
                        },
                        {
                           "name": "APPDYNAMICS_AGENT_ACCOUNT_NAME",
                           "value": "customer1"
                        },
                        {
                           "name": "APPDYNAMICS_AGENT_ACCOUNT_ACCESS_KEY",
                           "value": "{{ .Values.APPDYNAMICS_AGENT_ACCOUNT_ACCESS_KEY }}"
                        },
                        {
                           "name": "APPDYNAMICS_AGENT_APPLICATION_NAME",
                           "value": "{{ .Values.APPDYNAMICS_AGENT_APPLICATION_NAME }}"
                        },
                        {
                           "name": "APPDYNAMICS_AGENT_TIER_NAME",
                           "value": "{{ .Values.APPDYNAMICS_AGENT_TIER_NAME }}"
                        },
                        {
                           "name": "APPDYNAMICS_JAVA_AGENT_REUSE_NODE_NAME",
                           "value": "true"
                        },
                        {
                           "name": "APPDYNAMICS_JAVA_AGENT_REUSE_NODE_NAME_PREFIX",
                           "value": "{{ .Values.APPDYNAMICS_JAVA_AGENT_REUSE_NODE_NAME_PREFIX }}"
                        },
                        {
                           "name": "JAVA_TOOL_OPTIONS",
                           "value": " -javaagent:/opt/appdynamics-java/javaagent.jar -Dappdynamics.jvm.shutdown.mark.node.as.historical=true "
                        },
                        {
                            "name": "GC_MAX_METASPACE_SIZE",
                            "value": "192"
                        }
                      ]
                }],
                "imagePullSecrets": [{
                    "name": "registry-pul-secret1"
                }],
                "dnsPolicy": "ClusterFirst",
                "restartPolicy": "Always",
                "schedulerName": "default-scheduler",
                "securityContext": {},
                "terminationGracePeriodSeconds": 30,
                "volumes": [
                    {
                        "name": "appd-agent-repo",
                        "emptyDir": {}
                    },
                    {
                        "name": "var-www-html-vol",
                        "emptyDir": {
                        }
                    },
                    {
                        "name": "configmap-vol",
                        "configMap": {
                            "name": "{{ .Values.REPO_NAME }}-{{ .Values.ENV }}",
                            "items": [{
                                "key": "application.{{ .Values.ENV }}.properties",
                                "path": "application.properties"
                            },
                            {
                                "key": "logback.{{ .Values.ENV }}.xml",
                                "path": "logback.xml"
                            }]
                            
                        }
                    }
                ]
            }
        }
    }
}
