 {
 "apiVersion": "networking.istio.io/v1beta1",
   //"apiVersion": "v1",
   "kind": "Gateway",
   "metadata": {

       "name": "{{ .Values.GATEWAY_NAME}}",
       "namespace": "{{ .Values.APPLICATION_NAMESPACE}}"

   },
   "spec": {
       "selector": {
           "istio": "ingressgateway"
       },
       "servers": [
           {
               "hosts": [
                   "{{ .Values.HOSTS}}"
               ],
               "port": {
                   "name": "https",
                   "number": 443,
                   "protocol": "HTTPS"
               },
               "tls": {
                   "credentialName": "az-credential",
                   "mode": "SIMPLE"
               }
           }
       ]
   }
}